duration,protocol_type,service,flag,src_bytes,dst_bytes,land,wrong_fragment,urgent,hot,num_failed_logins,logged_in,num_compromised,root_shell,su_attempted,num_root,num_file_creations,num_shells,num_access_files,num_outbound_cmds,is_host_login,is_guest_login,count,srv_count,serror_rate,srv_serror_rate,rerror_rate,srv_rerror_rate,same_srv_rate,diff_srv_rate,srv_diff_host_rate,dst_host_count,dst_host_srv_count,dst_host_same_srv_rate,dst_host_diff_srv_rate,dst_host_same_src_port_rate,dst_host_srv_diff_host_rate,dst_host_serror_rate,dst_host_srv_serror_rate,dst_host_rerror_rate,dst_host_srv_rerror_rate,actual_class
0,tcp,private,REJ,0,0,0,0,0,0,0,0,0,0,0,0,0,0,0,0,0,0,204,3,0.0,0.0,1.0,1.0,0.01,0.07,0.0,255,3,0.01,0.07,0.0,0.0,0.0,0.0,1.0,1.0,DoS
0,tcp,login,RSTO,0,0,0,0,0,0,0,0,0,0,0,0,0,0,0,0,0,0,143,10,0.46,0.0,0.54,1.0,0.07,0.06,0.0,255,10,0.04,0.05,0.0,0.0,0.64,0.0,0.36,1.0,DoS
0,icmp,ecr_i,SF,1032,0,0,0,0,0,0,0,0,0,0,0,0,0,0,0,0,0,12,12,0.0,0.0,0.0,0.0,1.0,0.0,0.0,255,255,1.0,0.0,1.0,0.0,0.0,0.0,0.0,0.0,DoS
0,tcp,login,RSTO,0,0,0,0,0,0,0,0,0,0,0,0,0,0,0,0,0,0,101,9,0.0,0.0,1.0,1.0,0.09,0.07,0.0,255,9,0.04,0.06,0.0,0.0,0.0,0.0,1.0,1.0,DoS
0,icmp,ecr_i,SF,1008,0,0,0,0,0,0,0,0,0,0,0,0,0,0,0,0,0,381,381,0.0,0.0,0.0,0.0,1.0,0.0,0.0,255,255,1.0,0.0,1.0,0.0,0.0,0.0,0.0,0.0,DoS
0,tcp,private,S0,0,0,0,0,0,0,0,0,0,0,0,0,0,0,0,0,0,0,161,13,1.0,1.0,0.0,0.0,0.08,0.09,0.0,255,13,0.05,0.08,0.0,0.0,1.0,1.0,0.0,0.0,DoS
0,tcp,telnet,S3,0,44,0,0,0,0,0,0,0,0,0,0,0,0,0,0,0,0,1,1,1.0,1.0,0.0,0.0,1.0,0.0,0.0,255,149,0.58,0.38,0.0,0.0,0.47,0.81,0.37,0.01,DoS
7498,tcp,telnet,SF,0,44,0,0,0,0,0,0,0,0,0,0,0,0,0,0,0,0,1,1,0.0,0.0,0.0,0.0,1.0,0.0,0.0,255,183,0.72,0.26,0.0,0.0,0.5,0.69,0.26,0.01,DoS
7424,tcp,telnet,SF,0,44,0,0,0,0,0,0,0,0,0,0,0,0,0,0,0,0,1,1,0.0,0.0,0.0,0.0,1.0,0.0,0.0,255,218,0.85,0.03,0.0,0.0,0.33,0.39,0.12,0.06,DoS
0,tcp,ctf,REJ,0,0,0,0,0,0,0,0,0,0,0,0,0,0,0,0,0,0,233,9,0.0,0.0,1.0,1.0,0.04,0.07,0.0,255,9,0.04,0.07,0.0,0.0,0.0,0.0,1.0,1.0,DoS
0,tcp,private,REJ,0,0,0,0,0,0,0,0,0,0,0,0,0,0,0,0,0,0,220,2,0.0,0.0,1.0,1.0,0.01,0.08,0.0,255,2,0.01,0.07,0.0,0.0,0.0,0.0,1.0,1.0,DoS
2055,tcp,http,RSTR,72564,0,0,0,0,0,0,1,0,0,0,0,0,0,0,0,0,0,12,12,0.0,0.0,1.0,1.0,1.0,0.0,0.0,255,244,0.96,0.01,0.0,0.0,0.02,0.02,0.42,0.44,DoS
7362,tcp,telnet,SF,0,44,0,0,0,0,0,0,0,0,0,0,0,0,0,0,0,0,1,1,0.0,0.0,0.0,0.0,1.0,0.0,0.0,255,216,0.85,0.16,0.0,0.0,0.5,0.59,0.15,0.01,DoS
0,tcp,login,S0,0,0,0,0,0,0,0,0,0,0,0,0,0,0,0,0,0,0,38,4,1.0,1.0,0.0,0.0,0.11,0.16,0.0,255,4,0.02,0.15,0.0,0.0,1.0,1.0,0.0,0.0,DoS
0,tcp,private,S0,0,0,0,0,0,0,0,0,0,0,0,0,0,0,0,0,0,0,281,14,0.38,0.93,0.62,0.07,0.05,0.06,0.0,255,14,0.05,0.07,0.0,0.0,0.42,0.93,0.58,0.07,DoS
905,tcp,http,RSTR,59424,1,0,0,0,0,0,1,0,0,0,0,0,0,0,0,0,0,19,19,0.05,0.05,0.89,0.89,1.0,0.0,0.0,255,255,1.0,0.0,0.0,0.0,0.0,0.0,0.07,0.07,DoS
0,tcp,private,S0,0,0,0,0,0,0,0,0,0,0,0,0,0,0,0,0,0,0,170,8,1.0,1.0,0.0,0.0,0.05,0.1,0.0,255,8,0.03,0.09,0.0,0.0,1.0,1.0,0.0,0.0,DoS
795,tcp,http,RSTR,57964,0,0,0,0,0,0,1,0,0,0,0,0,0,0,0,0,0,20,20,0.0,0.0,1.0,1.0,1.0,0.0,0.0,255,254,1.0,0.01,0.0,0.0,0.01,0.01,0.56,0.57,DoS
0,tcp,private,REJ,0,0,0,0,0,0,0,0,0,0,0,0,0,0,0,0,0,0,110,4,0.0,0.0,1.0,1.0,0.04,0.07,0.0,255,4,0.02,0.06,0.0,0.0,0.0,0.0,1.0,1.0,DoS
0,tcp,private,REJ,0,0,0,0,0,0,0,0,0,0,0,0,0,0,0,0,0,0,114,10,0.0,0.0,1.0,1.0,0.09,0.08,0.0,255,10,0.04,0.06,0.0,0.0,0.0,0.0,1.0,1.0,DoS
0,tcp,ftp,RSTO,0,0,0,0,0,0,0,0,0,0,0,0,0,0,0,0,0,0,226,3,0.0,0.0,1.0,1.0,0.01,0.07,0.0,255,3,0.01,0.07,0.0,0.0,0.0,0.0,1.0,1.0,DoS
0,icmp,ecr_i,SF,1008,0,0,0,0,0,0,0,0,0,0,0,0,0,0,0,0,0,303,303,0.0,0.0,0.0,0.0,1.0,0.0,0.0,255,255,1.0,0.0,1.0,0.0,0.0,0.0,0.0,0.0,DoS
0,icmp,ecr_i,SF,508,0,0,0,0,0,0,0,0,0,0,0,0,0,0,0,0,0,101,101,0.0,0.0,0.0,0.0,1.0,0.0,0.0,255,255,1.0,0.0,1.0,0.0,0.0,0.0,0.0,0.0,DoS
0,tcp,imap4,REJ,0,0,0,0,0,0,0,0,0,0,0,0,0,0,0,0,0,0,278,8,0.0,0.0,1.0,1.0,0.03,0.06,0.0,255,8,0.03,0.06,0.0,0.0,0.0,0.0,1.0,1.0,DoS
0,tcp,http,SF,54540,8314,0,0,0,2,0,1,1,0,0,0,0,0,0,0,0,0,4,28,0.0,0.0,0.0,0.0,1.0,0.0,0.07,255,255,1.0,0.0,0.0,0.0,0.0,0.0,0.05,0.05,DoS
0,tcp,private,REJ,0,0,0,0,0,0,0,0,0,0,0,0,0,0,0,0,0,0,121,12,0.0,0.0,1.0,1.0,0.1,0.07,0.0,255,12,0.05,0.06,0.0,0.0,0.0,0.0,1.0,1.0,DoS
806,tcp,http,RSTR,56504,0,0,0,0,0,0,1,0,0,0,0,0,0,0,0,0,0,52,52,0.0,0.0,1.0,1.0,1.0,0.0,0.0,255,253,0.99,0.01,0.0,0.0,0.0,0.0,0.24,0.24,DoS
0,tcp,vmnet,REJ,0,0,0,0,0,0,0,0,0,0,0,0,0,0,0,0,0,0,249,18,0.0,0.0,1.0,1.0,0.07,0.06,0.0,255,18,0.07,0.06,0.0,0.0,0.0,0.0,1.0,1.0,DoS
0,tcp,private,S0,0,0,0,0,0,0,0,0,0,0,0,0,0,0,0,0,0,0,128,10,1.0,1.0,0.0,0.0,0.08,0.07,0.0,255,10,0.04,0.06,0.0,0.0,1.0,1.0,0.0,0.0,DoS
0,tcp,private,REJ,0,0,0,0,0,0,0,0,0,0,0,0,0,0,0,0,0,0,232,10,0.0,0.0,1.0,1.0,0.04,0.06,0.0,255,10,0.04,0.07,0.0,0.0,0.0,0.0,1.0,1.0,DoS
0,tcp,http,SF,362,379,0,0,0,0,0,1,0,0,0,0,0,0,0,0,0,0,11,11,0.0,0.0,0.0,0.0,1.0,0.0,0.0,255,255,1.0,0.0,0.0,0.0,0.0,0.0,0.0,0.0,Normal
0,tcp,http,SF,315,347,0,0,0,0,0,1,0,0,0,0,0,0,0,0,0,0,21,39,0.0,0.0,0.0,0.0,1.0,0.0,0.08,255,255,1.0,0.0,0.0,0.0,0.0,0.0,0.0,0.0,Normal
0,tcp,http,SF,204,2763,0,0,0,0,0,1,0,0,0,0,0,0,0,0,0,0,14,14,0.0,0.0,0.0,0.0,1.0,0.0,0.0,255,255,1.0,0.0,0.0,0.0,0.0,0.0,0.0,0.0,Normal
0,tcp,http,SF,209,2733,0,0,0,0,0,1,0,0,0,0,0,0,0,0,0,0,9,13,0.0,0.0,0.0,0.0,1.0,0.0,0.15,255,255,1.0,0.0,0.0,0.0,0.0,0.0,0.0,0.0,Normal
0,tcp,http,SF,281,756,0,0,0,0,0,1,0,0,0,0,0,0,0,0,0,0,3,7,0.0,0.0,0.0,0.0,1.0,0.0,0.29,160,255,1.0,0.0,0.01,0.02,0.0,0.0,0.0,0.0,Normal
0,udp,domain_u,SF,45,82,0,0,0,0,0,0,0,0,0,0,0,0,0,0,0,0,156,155,0.0,0.0,0.0,0.0,0.99,0.01,0.0,255,253,0.99,0.01,0.01,0.0,0.0,0.0,0.0,0.0,Normal
0,tcp,http,SF,198,670,0,0,0,0,0,1,0,0,0,0,0,0,0,0,0,0,3,3,0.0,0.0,0.0,0.0,1.0,0.0,0.0,80,255,1.0,0.0,0.01,0.02,0.0,0.0,0.0,0.0,Normal
0,udp,domain_u,SF,44,113,0,0,0,0,0,0,0,0,0,0,0,0,0,0,0,0,2,4,0.0,0.0,0.0,0.0,1.0,0.0,0.5,255,250,0.98,0.01,0.01,0.0,0.0,0.0,0.0,0.0,Normal
0,tcp,http,SF,352,1203,0,0,0,0,0,1,0,0,0,0,0,0,0,0,0,0,11,14,0.0,0.0,0.0,0.0,1.0,0.0,0.14,124,255,1.0,0.0,0.01,0.02,0.0,0.0,0.0,0.0,Normal
0,tcp,http,SF,296,9373,0,0,0,0,0,1,0,0,0,0,0,0,0,0,0,0,15,15,0.0,0.0,0.0,0.0,1.0,0.0,0.0,15,255,1.0,0.0,0.07,0.03,0.0,0.0,0.0,0.0,Normal
0,tcp,ftp_data,SF,1766,0,0,0,0,0,0,0,0,0,0,0,0,0,0,0,0,0,2,2,0.0,0.0,0.0,0.0,1.0,0.0,0.0,191,42,0.21,0.02,0.21,0.05,0.0,0.0,0.0,0.0,Normal
0,udp,domain_u,SF,45,45,0,0,0,0,0,0,0,0,0,0,0,0,0,0,0,0,217,217,0.0,0.0,0.0,0.0,1.0,0.0,0.0,255,229,0.9,0.01,0.0,0.0,0.0,0.0,0.0,0.0,Normal
0,tcp,http,SF,230,437,0,0,0,0,0,1,0,0,0,0,0,0,0,0,0,0,10,11,0.0,0.0,0.0,0.0,1.0,0.0,0.18,84,38,0.45,0.06,0.01,0.0,0.0,0.0,0.0,0.0,Normal
0,tcp,http,SF,203,321,0,0,0,0,0,1,0,0,0,0,0,0,0,0,0,0,33,34,0.0,0.0,0.0,0.0,1.0,0.0,0.06,255,255,1.0,0.0,0.0,0.0,0.0,0.0,0.0,0.0,Normal
0,tcp,http,SF,249,32236,0,0,0,0,0,1,0,0,0,0,0,0,0,0,0,0,5,5,0.0,0.0,0.0,0.0,1.0,0.0,0.0,15,255,1.0,0.0,0.07,0.01,0.0,0.0,0.0,0.0,Normal
0,tcp,http,SF,294,2422,0,0,0,0,0,1,0,0,0,0,0,0,0,0,0,0,17,19,0.0,0.0,0.0,0.0,1.0,0.0,0.16,255,255,1.0,0.0,0.0,0.0,0.0,0.0,0.0,0.0,Normal
0,tcp,http,SF,166,597,0,0,0,0,0,1,0,0,0,0,0,0,0,0,0,0,1,1,0.0,0.0,0.0,0.0,1.0,0.0,0.0,7,255,1.0,0.0,0.14,0.02,0.0,0.0,0.0,0.0,Normal
0,tcp,http,SF,346,61911,0,0,0,0,0,1,0,0,0,0,0,0,0,0,0,0,4,4,0.0,0.0,0.0,0.0,1.0,0.0,0.0,212,255,1.0,0.0,0.0,0.02,0.0,0.0,0.0,0.0,Normal
0,tcp,http,SF,321,655,0,0,0,0,0,1,0,0,0,0,0,0,0,0,0,0,36,37,0.0,0.0,0.0,0.0,1.0,0.0,0.05,255,255,1.0,0.0,0.0,0.0,0.0,0.0,0.0,0.0,Normal
65,tcp,telnet,SF,168,16373,0,0,0,0,0,1,0,0,0,0,0,0,0,0,0,0,1,1,0.0,0.0,0.0,0.0,1.0,0.0,0.0,1,2,1.0,0.0,1.0,1.0,0.0,0.0,0.0,0.0,Normal
0,tcp,http,SF,308,1476,0,0,0,0,0,1,0,0,0,0,0,0,0,0,0,0,19,22,0.0,0.0,0.0,0.0,1.0,0.0,0.09,122,255,1.0,0.0,0.01,0.04,0.0,0.0,0.0,0.0,Normal
0,tcp,http,SF,336,267,0,0,0,0,0,1,0,0,0,0,0,0,0,0,0,0,2,3,0.0,0.0,0.0,0.0,1.0,0.0,0.67,203,255,1.0,0.0,0.0,0.01,0.0,0.0,0.0,0.0,Normal
0,tcp,http,SF,279,1643,0,0,0,0,0,1,0,0,0,0,0,0,0,0,0,0,1,2,0.0,0.0,0.0,0.0,1.0,0.0,1.0,26,255,1.0,0.0,0.04,0.04,0.0,0.0,0.0,0.0,Normal
2,tcp,smtp,SF,4816,332,0,0,0,0,0,1,0,0,0,0,0,0,0,0,0,0,1,2,0.0,0.0,0.0,0.0,1.0,0.0,1.0,223,143,0.64,0.01,0.0,0.0,0.0,0.0,0.0,0.0,Normal
0,tcp,http,SF,325,1931,0,0,0,0,0,1,0,0,0,0,0,0,0,0,0,0,7,7,0.0,0.0,0.0,0.0,1.0,0.0,0.0,11,255,1.0,0.0,0.09,0.04,0.0,0.0,0.0,0.0,Normal
0,tcp,http,SF,206,788,0,0,0,0,0,1,0,0,0,0,0,0,0,0,0,0,16,16,0.0,0.0,0.0,0.0,1.0,0.0,0.0,16,255,1.0,0.0,0.06,0.08,0.0,0.0,0.0,0.0,Normal
0,tcp,http,SF,321,1939,0,0,0,0,0,1,0,0,0,0,0,0,0,0,0,0,4,4,0.0,0.0,0.0,0.0,1.0,0.0,0.0,22,255,1.0,0.0,0.05,0.05,0.0,0.0,0.0,0.0,Normal
0,tcp,http,SF,400,6968,0,0,0,0,0,1,0,0,0,0,0,0,0,0,0,0,18,19,0.0,0.0,0.0,0.0,1.0,0.0,0.11,255,255,1.0,0.0,0.0,0.0,0.0,0.0,0.0,0.0,Normal
0,tcp,http,SF,207,8326,0,0,0,0,0,1,0,0,0,0,0,0,0,0,0,0,4,4,0.0,0.0,0.0,0.0,1.0,0.0,0.0,19,179,1.0,0.0,0.05,0.05,0.0,0.0,0.0,0.0,Normal
0,tcp,http,SF,224,7686,0,0,0,0,0,1,0,0,0,0,0,0,0,0,0,0,7,13,0.0,0.0,0.0,0.0,1.0,0.0,0.15,23,251,1.0,0.0,0.04,0.04,0.0,0.0,0.0,0.0,Normal
0,tcp,pop_3,SF,0,0,0,0,0,0,0,0,0,0,0,0,0,0,0,0,0,0,3,19,0.0,0.05,0.33,0.68,0.33,1.0,1.0,223,12,0.01,0.03,0.0,0.17,0.0,0.83,0.02,0.08,Probe
0,udp,private,SF,1,1,0,0,0,0,0,0,0,0,0,0,0,0,0,0,0,0,115,1,0.0,0.0,0.0,0.0,0.01,1.0,0.0,255,1,0.0,0.98,1.0,0.0,0.0,0.0,0.0,0.0,Probe
0,tcp,private,REJ,0,0,0,0,0,0,0,0,0,0,0,0,0,0,0,0,0,0,2,1,0.0,0.0,1.0,1.0,0.5,1.0,0.0,255,1,0.0,0.4,0.05,0.0,0.0,0.0,0.05,1.0,Probe
1,tcp,pop_3,RSTO,0,36,0,0,0,0,0,1,0,0,0,0,0,0,0,0,0,0,3,2,0.33,0.0,0.67,1.0,0.33,1.0,1.0,235,60,0.24,0.02,0.0,0.03,0.04,0.0,0.87,0.93,Probe
0,icmp,eco_i,SF,20,0,0,0,0,0,0,0,0,0,0,0,0,0,0,0,0,0,1,55,0.0,0.0,0.0,0.0,1.0,0.0,1.0,3,103,1.0,0.0,1.0,0.25,0.0,0.0,0.0,0.0,Probe
0,tcp,private,RSTR,0,0,0,0,0,0,0,0,0,0,0,0,0,0,0,0,0,0,1,1,0.0,0.0,1.0,1.0,1.0,0.0,0.0,205,1,0.0,0.68,0.67,0.0,0.0,0.0,0.69,1.0,Probe
0,udp,other,SF,1,1,0,0,0,0,0,0,0,0,0,0,0,0,0,0,0,0,71,1,0.0,0.0,0.0,0.0,0.01,1.0,0.0,255,1,0.0,1.0,1.0,0.0,0.0,0.0,0.0,0.0,Probe
0,tcp,sunrpc,REJ,0,0,0,0,0,0,0,0,0,0,0,0,0,0,0,0,0,0,4,13,0.0,0.0,1.0,1.0,0.25,1.0,1.0,255,21,0.08,0.03,0.0,0.0,0.0,0.0,0.45,1.0,Probe
8,tcp,pop_3,RSTO,0,36,0,0,0,0,0,1,0,0,0,0,0,0,0,0,0,0,3,12,0.0,0.0,1.0,1.0,0.33,1.0,1.0,72,57,0.28,0.07,0.01,0.04,0.0,0.0,0.94,0.35,Probe
0,tcp,other,REJ,0,0,0,0,0,0,0,0,0,0,0,0,0,0,0,0,0,0,502,1,0.06,0.0,0.94,1.0,0.0,1.0,0.0,255,1,0.0,1.0,0.0,0.0,0.05,0.0,0.95,1.0,Probe
0,udp,other,SF,1,1,0,0,0,0,0,0,0,0,0,0,0,0,0,0,0,0,365,1,0.0,0.0,0.0,0.0,0.0,1.0,0.0,255,1,0.0,1.0,1.0,0.0,0.0,0.0,0.0,0.0,Probe
0,tcp,sunrpc,REJ,0,0,0,0,0,0,0,0,0,0,0,0,0,0,0,0,0,0,1,7,0.0,0.0,1.0,1.0,1.0,0.0,1.0,71,38,0.17,0.07,0.01,0.05,0.0,0.0,0.87,1.0,Probe
0,udp,other,SF,1,1,0,0,0,0,0,0,0,0,0,0,0,0,0,0,0,0,311,1,0.0,0.0,0.0,0.0,0.0,1.0,0.0,255,1,0.0,1.0,1.0,0.0,0.0,0.0,0.0,0.0,Probe
0,icmp,eco_i,SF,8,0,0,0,0,0,0,0,0,0,0,0,0,0,0,0,0,0,1,26,0.0,0.0,0.0,0.0,1.0,0.0,1.0,2,62,1.0,0.0,1.0,0.5,0.0,0.0,0.0,0.0,Probe
0,udp,private,SF,1,1,0,0,0,0,0,0,0,0,0,0,0,0,0,0,0,0,124,1,0.0,0.0,0.0,0.0,0.01,0.98,0.0,255,1,0.0,0.99,1.0,0.0,0.0,0.0,0.0,0.0,Probe
2,tcp,imap4,RSTO,0,44,0,0,0,0,0,0,0,0,0,0,0,0,0,0,0,0,2,4,0.0,0.0,1.0,1.0,0.5,1.0,1.0,30,60,0.27,0.17,0.03,0.03,0.0,0.0,0.87,0.98,Probe
0,tcp,pop_3,RSTO,0,36,0,0,0,0,0,1,0,0,0,0,0,0,0,0,0,0,4,3,0.0,0.0,1.0,1.0,0.25,1.0,1.0,255,30,0.12,0.03,0.0,0.0,0.01,0.03,0.44,0.97,Probe
1,tcp,pop_3,RSTO,0,36,0,0,0,0,0,1,0,0,0,0,0,0,0,0,0,0,3,2,0.0,0.0,1.0,1.0,0.33,1.0,1.0,132,60,0.27,0.04,0.01,0.03,0.01,0.0,0.95,0.58,Probe
0,tcp,imap4,RSTO,0,44,0,0,0,0,0,0,0,0,0,0,0,0,0,0,0,0,2,4,0.0,0.0,1.0,1.0,0.5,1.0,1.0,255,44,0.17,0.03,0.0,0.0,0.02,0.07,0.62,0.89,Probe
0,tcp,imap4,REJ,0,0,0,0,0,0,0,0,0,0,0,0,0,0,0,0,0,0,2,20,0.0,0.05,1.0,0.95,0.5,1.0,1.0,27,53,0.26,0.19,0.04,0.04,0.0,0.0,0.89,0.13,Probe
0,tcp,private,REJ,0,0,0,0,0,0,0,0,0,0,0,0,0,0,0,0,0,0,483,1,0.05,0.0,0.92,1.0,0.0,1.0,0.0,255,1,0.0,1.0,0.0,0.0,0.0,0.0,0.96,1.0,Probe
0,tcp,other,REJ,0,0,0,0,0,0,0,0,0,0,0,0,0,0,0,0,0,0,491,1,0.1,0.0,0.9,1.0,0.0,1.0,0.0,255,1,0.0,1.0,0.0,0.0,0.07,0.0,0.93,1.0,Probe
0,tcp,link,REJ,0,0,0,0,0,0,0,0,0,0,0,0,0,0,0,0,0,0,384,1,0.07,0.0,0.92,1.0,0.0,1.0,0.0,255,1,0.0,1.0,0.0,0.0,0.04,0.0,0.95,1.0,Probe
0,tcp,other,REJ,0,0,0,0,0,0,0,0,0,0,0,0,0,0,0,0,0,0,494,1,0.09,0.0,0.91,1.0,0.0,1.0,0.0,255,1,0.0,1.0,0.0,0.0,0.17,0.0,0.83,1.0,Probe
0,tcp,private,S0,0,0,0,0,0,0,0,0,0,0,0,0,0,0,0,0,0,0,338,1,0.08,1.0,0.91,0.0,0.0,1.0,0.0,255,1,0.0,1.0,0.0,0.0,0.05,1.0,0.93,0.0,Probe
0,tcp,other,REJ,0,0,0,0,0,0,0,0,0,0,0,0,0,0,0,0,0,0,511,1,0.05,0.0,0.95,1.0,0.0,1.0,0.0,255,1,0.0,1.0,0.0,0.0,0.04,0.0,0.96,1.0,Probe
1,tcp,pop_3,RSTO,0,36,0,0,0,0,0,1,0,0,0,0,0,0,0,0,0,0,3,7,0.0,0.0,1.0,1.0,0.33,1.0,1.0,140,58,0.24,0.04,0.01,0.03,0.01,0.02,0.86,0.97,Probe
0,tcp,pm_dump,SF,44,192,0,0,0,0,0,0,0,0,0,0,0,0,0,0,0,0,5,1,0.0,0.0,0.6,0.0,0.2,0.8,0.0,255,36,0.14,0.03,0.0,0.0,0.0,0.0,0.41,0.0,Probe
0,tcp,pop_3,S0,0,0,0,0,0,0,0,0,0,0,0,0,0,0,0,0,0,0,1,1,1.0,1.0,0.0,0.0,1.0,0.0,0.0,129,63,0.33,0.02,0.01,0.03,1.0,0.68,0.0,0.32,Probe
0,tcp,other,REJ,0,0,0,0,0,0,0,0,0,0,0,0,0,0,0,0,0,0,490,1,0.07,0.0,0.93,1.0,0.0,1.0,0.0,255,1,0.0,1.0,0.0,0.0,0.07,0.0,0.93,1.0,Probe
0,udp,private,SF,47,0,0,0,0,0,0,0,0,0,0,0,0,0,0,0,0,0,2,2,0.0,0.0,0.0,0.0,1.0,0.0,0.0,255,254,1.0,0.01,0.0,0.0,0.0,0.0,0.0,0.0,R2L
0,tcp,telnet,SF,120,174,0,0,0,0,1,0,0,0,0,0,0,0,0,0,0,0,1,1,0.0,0.0,0.0,0.0,1.0,0.0,0.0,255,70,0.27,0.02,0.0,0.0,0.0,0.0,0.01,0.04,R2L
0,udp,private,SF,105,147,0,0,0,0,0,0,0,0,0,0,0,0,0,0,0,0,1,1,0.0,0.0,0.0,0.0,1.0,0.0,0.0,17,17,1.0,0.0,0.06,0.0,0.0,0.0,0.0,0.0,R2L
281,tcp,ftp,SF,160,597,0,0,0,2,0,1,0,0,0,0,0,0,0,0,0,1,1,1,0.0,0.0,0.0,0.0,1.0,0.0,0.0,255,17,0.07,0.89,0.0,0.0,0.0,0.06,0.86,0.0,R2L
0,tcp,ftp,SF,25,157,0,0,0,0,1,0,0,0,0,0,0,0,0,0,0,1,1,1,0.0,0.0,0.0,0.0,1.0,0.0,0.0,40,17,0.43,0.1,0.03,0.0,0.0,0.0,0.0,0.0,R2L
0,udp,private,SF,46,0,0,0,0,0,0,0,0,0,0,0,0,0,0,0,0,0,1,1,0.0,0.0,0.0,0.0,1.0,0.0,0.0,255,254,1.0,0.01,0.01,0.0,0.0,0.0,0.0,0.0,R2L
281,tcp,ftp,SF,160,597,0,0,0,2,0,1,0,0,0,0,0,0,0,0,0,1,1,1,0.0,0.0,0.0,0.0,1.0,0.0,0.0,255,119,0.47,0.03,0.0,0.0,0.0,0.0,0.0,0.0,R2L
0,tcp,telnet,SF,124,174,0,0,0,0,1,0,0,0,0,0,0,0,0,0,0,0,1,1,0.0,0.0,0.0,0.0,1.0,0.0,0.0,255,205,0.8,0.02,0.0,0.0,0.0,0.0,0.02,0.03,R2L
0,udp,private,SF,105,146,0,0,0,0,0,0,0,0,0,0,0,0,0,0,0,0,2,2,0.0,0.0,0.0,0.0,1.0,0.0,0.0,135,135,1.0,0.0,0.01,0.0,0.0,0.0,0.0,0.0,R2L
281,tcp,ftp,SF,160,597,0,0,0,2,0,1,0,0,0,0,0,0,0,0,0,1,1,1,0.0,0.0,0.0,0.0,1.0,0.0,0.0,255,43,0.17,0.02,0.0,0.0,0.0,0.0,0.51,0.0,R2L
4,tcp,pop_3,SF,27,93,0,0,0,0,0,1,0,0,0,0,0,0,0,0,0,0,1,1,0.0,0.0,0.0,0.0,1.0,0.0,0.0,255,231,0.91,0.02,0.0,0.0,0.0,0.0,0.02,0.0,R2L
280,tcp,ftp_data,SF,283618,0,0,0,0,0,0,0,0,0,0,0,0,0,0,0,0,0,2,2,0.0,0.0,0.0,0.0,1.0,0.0,0.0,8,30,1.0,0.0,1.0,0.17,0.0,0.0,0.0,0.0,R2L
0,udp,private,SF,105,147,0,0,0,0,0,0,0,0,0,0,0,0,0,0,0,0,2,1,0.0,0.0,0.0,0.0,0.5,1.0,0.0,255,254,1.0,0.01,0.01,0.0,0.0,0.0,0.0,0.0,R2L
3,tcp,pop_3,SF,30,93,0,0,0,0,0,1,0,0,0,0,0,0,0,0,0,0,1,1,0.0,0.0,0.0,0.0,1.0,0.0,0.0,255,254,1.0,0.01,0.0,0.0,0.0,0.0,0.0,0.0,R2L
0,tcp,ftp,SF,26,157,0,0,0,0,1,0,0,0,0,0,0,0,0,0,0,1,1,1,0.0,0.0,0.0,0.0,1.0,0.0,0.0,224,112,0.5,0.03,0.0,0.0,0.0,0.0,0.0,0.0,R2L
0,tcp,telnet,SF,123,174,0,0,0,0,1,0,0,0,0,0,0,0,0,0,0,0,1,1,0.0,0.0,0.0,0.0,1.0,0.0,0.0,255,60,0.24,0.02,0.0,0.0,0.0,0.0,0.01,0.05,R2L
0,udp,private,SF,42,0,0,0,0,0,0,0,0,0,0,0,0,0,0,0,0,0,2,2,0.0,0.0,0.0,0.0,1.0,0.0,0.0,255,254,1.0,0.01,0.0,0.0,0.0,0.0,0.0,0.0,R2L
0,tcp,telnet,SF,125,174,0,0,0,0,1,0,0,0,0,0,0,0,0,0,0,0,1,1,0.0,0.0,0.0,0.0,1.0,0.0,0.0,255,174,0.68,0.02,0.0,0.0,0.0,0.0,0.02,0.03,R2L
4,tcp,pop_3,SF,32,93,0,0,0,0,0,1,0,0,0,0,0,0,0,0,0,0,2,1,0.0,0.0,0.0,0.0,0.5,1.0,0.0,255,157,0.62,0.02,0.0,0.0,0.0,0.0,0.13,0.0,R2L
0,tcp,telnet,SF,118,174,0,0,0,0,1,0,0,0,0,0,0,0,0,0,0,0,1,1,0.0,0.0,0.0,0.0,1.0,0.0,0.0,255,251,0.98,0.01,0.0,0.0,0.0,0.0,0.02,0.02,R2L
0,tcp,ftp_data,SF,12,0,0,0,0,0,0,0,0,0,0,0,0,0,0,0,0,0,1,1,0.0,0.0,0.0,0.0,1.0,0.0,0.0,7,13,1.0,0.0,1.0,0.15,0.0,0.0,0.0,0.0,R2L
4,tcp,pop_3,SF,32,93,0,0,0,0,0,1,0,0,0,0,0,0,0,0,0,0,1,1,0.0,0.0,0.0,0.0,1.0,0.0,0.0,255,167,0.65,0.02,0.0,0.0,0.0,0.0,0.12,0.0,R2L
0,udp,private,SF,105,146,0,0,0,0,0,0,0,0,0,0,0,0,0,0,0,0,1,1,0.0,0.0,0.0,0.0,1.0,0.0,0.0,143,142,0.99,0.01,0.01,0.0,0.0,0.0,0.0,0.0,R2L
0,udp,private,SF,49,0,0,0,0,0,0,0,0,0,0,0,0,0,0,0,0,0,3,3,0.0,0.0,0.0,0.0,1.0,0.0,0.0,255,253,0.99,0.01,0.01,0.0,0.0,0.0,0.0,0.0,R2L
0,tcp,telnet,SF,122,174,0,0,0,0,1,0,0,0,0,0,0,0,0,0,0,0,1,1,0.0,0.0,0.0,0.0,1.0,0.0,0.0,255,253,0.99,0.01,0.0,0.0,0.0,0.0,0.02,0.02,R2L
4,tcp,pop_3,SF,32,93,0,0,0,0,0,1,0,0,0,0,0,0,0,0,0,0,1,1,0.0,0.0,0.0,0.0,1.0,0.0,0.0,255,226,0.89,0.02,0.0,0.0,0.0,0.0,0.06,0.0,R2L
283,tcp,ftp,SF,160,597,0,0,0,2,0,1,0,0,0,0,0,0,0,0,0,1,1,1,0.0,0.0,0.0,0.0,1.0,0.0,0.0,255,29,0.11,0.03,0.0,0.0,0.44,0.0,0.02,0.0,R2L
284,tcp,ftp,SF,158,595,0,0,0,2,0,1,0,0,0,0,0,0,0,0,0,1,1,1,0.0,0.0,0.0,0.0,1.0,0.0,0.0,255,52,0.2,0.03,0.0,0.0,0.15,0.0,0.02,0.0,R2L
282,tcp,ftp,SF,157,597,0,0,0,2,0,1,0,0,0,0,0,0,0,0,0,1,1,1,0.0,0.0,0.0,0.0,1.0,0.0,0.0,255,28,0.11,0.02,0.0,0.0,0.0,0.0,0.36,0.0,R2L
0,tcp,telnet,SF,127,174,0,0,0,0,1,0,0,0,0,0,0,0,0,0,0,0,1,1,0.0,0.0,0.0,0.0,1.0,0.0,0.0,255,153,0.6,0.02,0.0,0.0,0.0,0.0,0.02,0.03,R2L
75,tcp,telnet,SF,277,1087,0,0,0,2,0,1,1,1,0,0,4,2,0,0,0,0,1,1,0.0,0.0,0.0,0.0,1.0,0.0,0.0,137,101,0.74,0.04,0.01,0.0,0.73,0.99,0.0,0.0,U2R
58,tcp,telnet,SF,2615,4233,0,0,0,5,0,1,2,1,0,0,0,0,0,0,0,0,1,1,0.0,0.0,0.0,0.0,1.0,0.0,0.0,10,2,0.2,0.2,0.1,0.0,0.0,0.0,0.0,0.0,U2R
1,tcp,telnet,SF,117,1357,0,0,0,0,0,1,0,0,0,0,0,0,0,0,0,0,1,1,0.0,0.0,0.0,0.0,1.0,0.0,0.0,26,2,0.08,0.12,0.04,0.0,0.0,0.0,0.0,0.0,U2R
71,tcp,telnet,SF,2783,15242,0,0,0,10,0,1,2,1,0,0,0,0,0,0,0,0,1,1,0.0,0.0,0.0,0.0,1.0,0.0,0.0,255,1,0.0,0.01,0.0,0.0,0.0,0.0,0.0,0.0,U2R
184,tcp,telnet,SF,2923,5285,0,0,1,2,0,1,11,1,0,17,1,1,0,0,0,0,1,1,0.0,0.0,0.0,0.0,1.0,0.0,0.0,1,2,1.0,0.0,1.0,1.0,0.0,0.0,0.0,0.0,U2R
69,tcp,telnet,SF,2458,223095,0,0,0,6,0,1,36,1,0,31,0,0,0,0,0,0,1,1,0.0,0.0,0.0,0.0,1.0,0.0,0.0,120,28,0.23,0.03,0.01,0.0,0.0,0.0,0.0,0.0,U2R
684,tcp,telnet,SF,2715,13392,0,0,0,1,1,1,8,0,0,3,5,0,0,0,0,0,1,1,0.0,0.0,0.0,0.0,1.0,0.0,0.0,255,14,0.05,0.71,0.0,0.0,0.0,0.0,0.68,0.07,U2R
6,tcp,ftp,SF,94,332,0,0,0,1,0,1,0,0,0,0,1,0,0,0,0,0,1,1,0.0,0.0,0.0,0.0,1.0,0.0,0.0,96,1,0.01,0.03,0.01,0.0,0.01,0.0,0.0,0.0,U2R
15,tcp,ftp,SF,45,214,0,0,0,0,0,1,0,0,0,0,0,0,0,0,0,0,1,1,0.0,0.0,0.0,0.0,1.0,0.0,0.0,226,4,0.02,0.03,0.0,0.0,0.0,0.0,0.0,0.0,U2R
43,tcp,telnet,SF,260,2611,0,0,0,0,0,1,0,1,0,2,2,1,0,0,0,0,1,1,0.0,0.0,0.0,0.0,1.0,0.0,0.0,255,13,0.05,0.02,0.0,0.0,0.0,0.0,0.03,0.62,U2R
62,tcp,telnet,SF,2615,4233,0,0,0,5,0,1,2,1,0,0,0,0,0,0,0,0,1,1,0.0,0.0,0.0,0.0,1.0,0.0,0.0,255,1,0.0,0.07,0.0,0.0,1.0,0.0,0.0,0.0,U2R
135,tcp,telnet,SF,353,5769,0,0,0,4,0,1,8,1,0,7,2,0,1,0,0,0,1,1,0.0,0.0,0.0,0.0,1.0,0.0,0.0,255,141,0.55,0.03,0.0,0.0,0.48,0.86,0.02,0.01,U2R
8,tcp,ftp,SF,220,688,0,0,0,4,0,1,0,0,0,0,4,0,0,0,0,0,1,1,0.0,0.0,0.0,0.0,1.0,0.0,0.0,53,27,0.51,0.08,0.02,0.0,0.0,0.0,0.0,0.0,U2R
0,tcp,ftp_data,SF,116,0,0,0,0,0,0,0,0,0,0,0,0,0,0,0,0,0,1,1,0.0,0.0,0.0,0.0,1.0,0.0,0.0,255,52,0.2,0.03,0.2,0.0,0.2,0.0,0.02,0.0,U2R
73,tcp,telnet,SF,3741,25423,0,0,2,6,0,1,0,1,0,0,0,0,0,0,0,0,1,1,0.0,0.0,0.0,0.0,1.0,0.0,0.0,6,4,0.67,0.33,0.17,0.0,0.0,0.0,0.0,0.0,U2R
0,tcp,ftp_data,SF,0,3249,0,0,0,0,0,0,0,0,0,0,0,0,0,0,0,0,1,1,0.0,0.0,0.0,0.0,1.0,0.0,0.0,1,11,1.0,0.0,1.0,0.27,0.0,0.0,0.0,0.0,U2R
0,tcp,ftp_data,SF,0,5020,0,0,0,0,0,0,0,0,0,0,0,0,0,0,0,0,3,3,0.0,0.0,0.0,0.0,1.0,0.0,0.0,3,9,1.0,0.0,1.0,0.22,0.0,0.0,0.0,0.0,U2R
84,tcp,telnet,SF,2742,5433,0,0,0,6,0,1,5,1,0,1,1,1,0,0,0,0,1,1,0.0,0.0,0.0,0.0,1.0,0.0,0.0,255,1,0.0,0.01,0.0,0.0,0.0,0.0,0.0,0.0,U2R
1964,tcp,telnet,SF,3760,29364,0,0,0,2,0,1,8,1,0,4,4,0,0,0,0,0,1,1,0.0,0.0,0.0,0.0,1.0,0.0,0.0,255,3,0.01,0.84,0.0,0.0,0.0,0.0,0.83,0.0,U2R
988,tcp,telnet,SF,1773,32209,0,0,0,4,0,1,57,1,0,51,7,5,0,0,0,0,1,1,0.0,0.0,0.0,0.0,1.0,0.0,0.0,255,104,0.41,0.03,0.0,0.0,0.33,0.77,0.02,0.01,U2R
61,tcp,telnet,SF,195,2051,0,0,0,1,0,1,0,0,0,0,2,1,0,0,0,0,1,1,0.0,0.0,0.0,0.0,1.0,0.0,0.0,97,29,0.3,0.03,0.01,0.0,0.01,0.03,0.0,0.0,U2R
192,tcp,telnet,SF,1713,18570,0,0,0,3,0,1,49,1,0,45,2,1,2,0,0,0,1,1,0.0,0.0,0.0,0.0,1.0,0.0,0.0,151,32,0.04,0.03,0.01,0.06,0.0,0.0,0.0,0.53,U2R
10,tcp,ftp_data,SF,256000,0,0,0,0,0,0,0,0,0,0,0,0,0,0,0,0,0,1,1,0.0,0.0,0.0,0.0,1.0,0.0,0.0,255,51,0.2,0.03,0.2,0.0,0.29,0.0,0.02,0.0,U2R
242,tcp,telnet,SF,504,27200,0,0,1,2,0,1,165,1,0,173,3,0,2,0,0,0,1,1,0.0,0.0,0.0,0.0,1.0,0.0,0.0,2,2,1.0,0.0,0.5,0.0,0.0,0.0,0.0,0.0,U2R
31,tcp,telnet,SF,198,1608,0,0,0,1,0,1,1,0,0,1,2,1,0,0,0,0,1,1,0.0,0.0,0.0,0.0,1.0,0.0,0.0,29,3,0.1,0.1,0.03,0.0,0.0,0.0,0.0,0.0,U2R
0,tcp,ftp_data,SF,2209,0,0,0,0,0,0,0,0,0,0,0,0,0,0,0,0,0,1,1,0.0,0.0,0.0,0.0,1.0,0.0,0.0,4,2,0.5,0.5,0.5,0.0,0.0,0.0,0.0,0.0,U2R
0,tcp,ftp_data,SF,0,5928,0,0,0,0,0,0,0,0,0,0,0,0,0,0,0,0,2,2,0.0,0.0,0.0,0.0,1.0,0.0,0.0,2,8,1.0,0.0,1.0,0.25,0.0,0.0,0.0,0.0,U2R
0,tcp,ftp_data,SF,283618,0,0,0,0,0,0,0,0,0,0,0,0,0,0,0,0,0,1,1,0.0,0.0,0.0,0.0,1.0,0.0,0.0,20,33,0.5,0.15,0.5,0.06,0.0,0.0,0.05,0.0,U2R
73,tcp,telnet,SF,3222,4004,0,0,2,1,0,1,1,1,0,0,0,0,0,0,0,0,1,1,0.0,0.0,0.0,0.0,1.0,0.0,0.0,9,6,0.67,0.33,0.11,0.0,0.0,0.0,0.0,0.0,U2R
0,tcp,ftp_data,SF,45,0,0,0,0,0,0,0,0,0,0,0,0,0,0,0,0,0,1,1,0.0,0.0,0.0,0.0,1.0,0.0,0.0,255,50,0.2,0.03,0.2,0.0,0.29,0.0,0.02,0.0,U2R
